{
  "config": {
    "resolution": 128,
    "iso": 0.12,
    "sigma_cutoff": 3.0,
    "min_opacity": 0.1,
    "outlier_std": 2.0,
    "smooth": 10,
    "target_faces": 0,
    "min_face_fraction": 0.02,
    "keep_largest_only": false,
    "robust_bounds": false,
    "field_blur_sigma": 1.0,
    "max_scale_ratio": 0.0,
    "morph_close_iters": 0
  },
  "l1_error": 0.13074995800852773,
  "per_view_l1": {
    "top": 0.11976907402276993,
    "left": 0.16373778879642487,
    "right": 0.10253489762544632,
    "front": 0.14430320262908936,
    "back": 0.1178906187415123
  },
  "stats": {
    "num_components": 1,
    "main_component_fraction": 1.0,
    "watertight": true,
    "num_vertices": 48595,
    "num_faces": 97226
  }
}